training loss,validatation loss
0.03473845776170492,0.028036399744451046
0.013460766989737749,0.011640094220638275
0.007224733941257,0.013811357319355011
0.009015849092975259,0.01488481368869543
0.004795894026756287,0.014456697273999453
0.004144863225519657,0.018115215003490448
0.003950679441913962,0.019366181455552578
0.0039262877544388175,0.019564885646104813
