training loss,validatation loss
0.1481516232341528,0.1515175711363554
0.11778513748198748,0.13122236616909505
0.11261296281591057,0.12257715724408627
