training loss,validatation loss
0.002421995799668366,0.00116417783574434
0.0011973628144551186,0.000885597766500723
0.0009097744349855929,0.0006093632952797634
0.000877225030289992,0.000710821278653384
0.000913560295557545,0.0006989428659380792
0.0009439373689292551,0.001173207187684966
0.0010650170556618832,0.0007913510781691002
0.000896355404879614,0.0006190246985170233
0.0009099749656888889,0.0010842344710567885
