training loss,validatation loss
1.6342226207256316,5.939255237579346
