training loss,validatation loss
0.0010868129210666667,0.0010174786744284307
