training loss,validatation loss
0.7164231538772583,0.7520462572574615
0.5544947385787964,0.6606414020061493
0.4394501745700836,0.5228475630283356
0.3348362147808075,0.40668539702892303
0.23711542040109634,0.3039674460887909
0.2560974061489105,0.2103464975953102
0.17171412706375122,1.0272519886493683
0.15337040275335312,3.8986599445343018
