training loss,validatation loss
0.13892174134030938,0.13117482444870981
