training loss,validatation loss
0.15494987841695548,0.13544548451900482
0.13486179241910576,0.14134000949561595
