training loss,validatation loss
1.0241413414478302,0.24196891939936904
