training loss,validatation loss
0.001173477938959877,0.00014238275148830735
0.0010732767222339135,0.00012680615764025586
0.0011018606375182572,0.00012349111181038098
0.0009942454868769345,0.00012579224263618017
0.0010540695426379898,0.00012396747416687512
0.0012015857548863095,0.00011842232551244159
0.0011051351430023714,0.0003172949040307788
0.0010407019470449086,0.0001348034075931537
