training loss,validatation loss
-0.7372928728163243,0.06543674129061401
-1.1140126073360443,0.06820296994410455
-1.1836807364225388,0.10612512272782623
0.1467806154489517,0.1110292081721127
-1.1977896094322205,0.0694276205264032
-1.1564241793751717,0.07424258384853602
0.38473312824964523,0.06821628771722317
-1.0818787866830826,0.21707376656122507
0.514591172337532,0.21144182039424778
0.10842882990837097,0.18920848539564758
0.3885939300060272,0.22224600969348102
