training loss,validatation loss
0.14352278497070073,0.12331297570321839
0.12196020681411028,0.13771657587614755
0.11472113624215126,0.11923904124769616
0.11117152027785777,0.11248493296571542
0.11343802619725465,0.10889978800842073
0.11021300483494997,0.11227634200791366
0.10632415711879731,0.10514635093871039
0.0984723824262619,0.0931111072524218
0.10294631354510785,0.10420301357214337
0.09893392382189631,0.10062332401052114
0.10099152237176895,0.09973405235656538
