training loss,validatation loss
0.14252085780724882,0.1302786324173212
