training loss,validatation loss
0.0011649251690005258,0.002123624899575485
0.001103883828375274,0.0017190604505776918
