training loss,validatation loss
0.1593129801005125,0.16380016170442105
0.1548277822509408,0.15329590402543544
0.1517127447389066,0.15706315375864505
0.1496373193524778,0.15667776614427567
0.15055947754532098,0.1490137480199337
0.155347040258348,0.14593703746795655
0.14858783908188344,0.16273920573294162
0.15594831977039575,0.15222706347703935
