training loss,validatation loss
1.5460916757583618,1.4560869336128235
