training loss,validatation loss
0.002698899421375245,0.0013959235311631346
0.0003514898271532729,0.0006199570425451384
0.003138803644105792,2.0831629626627546e-05
0.0016245626356976572,0.000979629521680181
3.724922498804517e-05,0.0010013181890826672
0.0011930406581086572,0.0025418070144951344
0.0005111781674713711,0.0012866898969150498
