training loss,validatation loss
0.0013883969287007858,0.0024391473599534095
0.0012310503825460728,0.0054434734983260565
0.001023579686479934,0.0013056707027658376
0.0010924458281067473,0.001867430336170628
0.0009787132455778647,0.002136853774584324
0.0009361621752196924,0.0012580994979771276
