training loss,validatation loss
0.0011073887813472538,0.0007410004098346689
0.0009954459749201305,0.00039083800218122635
0.0008821012056773725,0.0008051315903003342
