training loss,validatation loss
0.1342755747400224,0.14348383210599422
0.12031015736982226,0.13585031256079674
