training loss,validatation loss
0.12774432068690658,0.11673392057418823
0.10826138844713569,0.12359459064900875
