training loss,validatation loss
0.001523852898471887,0.00011325233085299758
0.0006281442359158972,0.00011665537408589444
0.0004603438132835436,0.0001566779690623991
0.00037515826018534425,8.167005829591409e-05
