training loss,validatation loss
0.7793468849360943,0.8491374582052231
