training loss,validatation loss
0.13363695165142417,0.12406638152897358
0.12145848447456956,0.1172887273132801
0.1130197125300765,0.10837640464305878
