training loss,validatation loss
0.13393723038956523,0.10719254314899444
0.1167007178068161,0.19320696480572225
