training loss,validatation loss
1.4101686477661133,1.3437122702598572
1.1430962085723877,1.283576786518097
0.6659337878227234,1.1016103029251099
0.24428143352270126,0.6865672469139099
